id,fold
cyloena,1
cyr1fad,4
cz16flm,4
cz1vh4t,1
czuxnjp,3
d0sr3f7,1
d14enjn,5
d1c2j7q,2
d1wdp8z,1
d2188ze,5
d2hr2u8,4
d2mfatb,2
d3v2nls,5
d3yov0e,2
d4l9x5d,1
d4nv42o,3
d4uwe1e,4
d5drd26,5
d657ijf,2
d6b5iuz,3
d6mrqtw,3
d6tic8v,5
d71yw8j,4
d78foc7,5
d78ti1x,4
d7gj1g1,4
d7gkkc4,3
d7u7iic,4
d8nzb75,4
d90y3mc,1
d9j80oo,3
d9k8din,1
d9ksb4r,3
d9zvdet,4
da6xgzb,5
da75d61,2
dbkvddn,5
dbkvett,4
dbm2sgk,4
dbqaxas,5
dbqj3bg,2
dbr2vks,4
dbrfeg3,3
dc156a6,3
dc3h26b,3
dclc4qm,3
dcncpz4,2
dcntptc,1
dcyddb8,4
dcydxbj,1
dcz1br9,4
ddepjg0,3
ddozoky,1
ddtryvu,1
de1va56,1
de25brq,4
dez56c9,2
dgw6fsc,5
dgxb74b,5
dhb8yup,2
dhclbhn,1
dhequna,4
dhkqljy,2
dhmunjh,2
dhpct3s,5
di0vqny,3
di11wef,5
difbp9a,2
dihlnc0,3
dio0nd6,2
diw3b4q,1
djbwpqw,1
djnznjl,5
dk8v2o9,3
dka7kle,4
dkffzvl,5
dkfm2bb,3
dky40i6,1
dky9w2w,3
dl510ha,2
dl5bwlw,4
dlb3xau,1
dmxojzy,1
dnspiun,3
dntbk9j,3
do6dax5,5
do6jd03,2
do6knmm,5
dogu859,4
doh1fdn,4
dopj1tq,2
dph9am7,1
dphm7ty,1
dphxtfo,5
dpkr8yr,2
dplv8o7,5
dpv1la9,1
dpwfdvy,3
dpzxdix,1
dq870s7,1
dqaa7e8,5
dqs7ks4,3
dqtvxrj,2
dqzir4a,3
dr045ez,4
drh7wxf,5
drjh8qg,3
ds1rydg,5
dshr51u,3
dsic1t7,3
dte0h9b,4
dtgc8h6,2
dtgji7m,3
dtyu81o,1
du8np7z,5
dv0sdmg,3
dv0yuh1,3
dv614c8,1
dv63zxf,5
dvna26z,3
dvp3gyd,1
dvrnulh,3
dvznfp7,2
dw3emq2,2
dw9ydik,4
dwa2qul,2
dwcj8ap,3
dwd56nm,2
dwrd9qt,1
dxp88e0,2
dyfgo47,2
dyfom9k,1
dzj3xdj,1
e085t9r,5
e09uo6k,5
e09v244,2
e0fgpwr,4
e0ifk7y,3
e0j45is,4
e1eqrn1,2
e3jh25t,1
e3ytoqo,1
e40x5py,5
e47n42s,3
e4895pi,3
e4ctx5o,5
e4fd45z,3
e4nx4fg,5
e52ijrg,5
e67muxw,5
e6ljos0,4
e6lm2ey,4
e6x3ii9,1
e7j93qq,2
e8zynt2,2
e91mhsx,3
e91th8j,2
e9seojs,2
eac7ze4,5
eb7sm5m,1
eb7zl6z,5
ebebibb,2
ebihmg8,5
ebmvjuy,2
ebub796,3
ec4aj5h,1
ec65dej,4
ed3mlrq,2
ed6seho,5
edwvq94,4
edxd6ud,4
ee6e5gn,1
egjg1fd,1
egk32vw,4
egkb6lf,5
egx27mq,1
ehjxtnn,5
ehjxxnh,5
ehlryn4,4
ehnsmwo,5
eiz3we3,2
eizvaa3,2
ejk3omv,3
ejn6it9,4
eljskqi,3
ellsl22,3
elo0ul4,4
elo35cy,3
elpw4kt,4
elr9xja,1
em1kyov,1
em30ybf,4
embcje6,1
emewji4,3
emoa4o4,5
emoru6k,4
enus5kz,4
ep43si3,2
ep9f3wj,4
epbtj88,4
epbui1a,4
epdr5cw,1
eph0en7,5
eph6m8z,5
epke6w1,2
epqiyzp,2
epqj9r1,5
er2aark,4
er30k3p,4
erey5qr,3
ermb0b2,5
erntvsn,3
erpk6tu,4
esm3erk,4
ew5gwz5,3
ewqh56s,1
ewromsv,5
exutt34,3
eyilm17,3
f34cj07,5
f6zhl27,5
f72d4i0,1
f8egs6f,5
f8ehq6f,5
f8sbr6l,5
f8xb2yn,1
f937h8g,5
fb831kw,5
fc14utx,3
fcce5c9,2
fcegw3d,1
fchdlpm,4
fcsicma,4
fdfd7w4,4
fdkk1p4,3
fdm01p7,4
ffqxgi1,1
ffrkags,5
fg0ji0l,5
fg544om,1
fgobos7,5
fhm68vy,4
fkt34za,3
fmgqj0m,2
fnlidoc,5
fo1hfkm,1
fomottg,4
for24eq,4
fpjq3vb,4
fprghrj,1
fpspfde,2
fq7mh9f,4
frqpsam,3
fsnm0qc,3
fteyhcw,1
ftf6wcn,3
fvk19r3,1
fvmph30,2
fwjahbc,3
fwjnynn,1
fx7k6sh,4
fyormfp,1
g0hgmm8,2
g30lvc9,2
g6dyiun,5
g8k6mou,2
g8s5tor,2
g9y2pdv,2
gaeay4k,2
gc0b65l,2
gcw2o4d,1
gcwc45e,2
gcwg1dw,2
gdgs2ni,3
gelh68m,3
gf1qqvq,1
gf4dzin,5
gg26kny,1
ggcuxi1,5
ggntcpi,2
ggnxvi0,2
ggtmqie,1
gh32tod,3
ghggk4u,3
ghk82bx,2
ghrpuis,5
ghrvw0h,4
gijcdnf,4
gjbmfuh,3
glfgifa,2
gm2mve6,2
gm57sbw,1
gpdrxw3,1
gpe4h5o,2
gqcbmic,4
gr6vauz,5
gr6vop4,2
gtuespm,1
guk5jjr,4
guse7ir,1
gw5qm6c,1
gxd1um4,4
h0dz4xz,5
h1nm65a,1
h2bgath,1
h2ebm9v,4
h2jbj7h,5
h2n3l9g,4
h2o92p8,3
h2p9cjj,3
h2rysn6,4
h4jy9ry,2
h5ie4fm,3
h66zbu9,5
h6wymz6,5
h8gap7z,1
h8oq7qn,2
h9ggx46,3
h9stjia,3
ha7dspb,4
hal0yj1,4
hb2zejs,5
hb46xub,2
hc9wrdo,5
heou7kf,4
hfbultp,3
hjh3yct,3
hl8f7g1,2
hojt514,2
hoy69i1,4
hp82uvw,5
hq5livt,2
hqfjh60,2
hqi7e8u,3
hs6eg5u,5
huh9wst,5
hwbke8o,1
hxe7ape,1
hxeu1o6,2
hxp5pk4,3
hxpcljx,3
i1lj4as,4
i276vod,4
i2r66xr,3
i5w0rve,3
i67a3ln,3
i6akkds,1
ia6sp54,1
ia71mv6,3
ib00x74,1
ic0cdmb,2
icg9r3j,5
icl3zwf,1
icl5s3i,5
icr85lx,5
icraryr,3
ig2qujp,1
iiyieh9,4
ijgng0v,4
ilcmocj,1
ilw920u,3
irqe1ea,4
itq5l6t,2
iu1kh5c,1
ivu2zt1,1
ivu5ufc,5
iwjhqi9,3
ixh16ok,1
ixifzy5,3
ixign69,4
ixjm1mv,1
ixluu8e,2
j0a0qz7,4
j1cjxq8,1
j1nj82k,3
j1v5jks,5
j1zkk7r,2
j2g2hji,2
j6xsmmt,4
j6y6fxh,5
j7t65f1,2
j8dvemg,3
je80kwj,5
jfq90hd,4
jfrq1og,3
jkxgsuf,5
jla9kgf,3
jlaxtu2,2
jnouwnz,5
joeions,4
jpkyiql,5
jtkcdh8,4
jwc3ui9,3
jwzmuhe,2
jz1giyr,1
k7s38bs,4
k83u32a,2
k8aizyo,4
k8x5c36,5
k9rwmuw,1
kabc8pm,4
kacllj3,2
kd00whb,1
kd6bj9c,2
ke96cie,3
kpq8zrj,5
kqo65mj,4
kr6j71t,1
ks6cqpx,2
kt0z3sp,5
kuunnfk,5
kyszgts,3
l0skion,2
l0yiw8a,4
l39lau0,2
l39lbr2,5
l3gbt3p,1
l5btckm,1
l5rq07c,3
l8av752,2
l8fjhym,4
l8gesn4,5
l9on9kr,5
la5t645,4
lae30z0,4
laipckl,4
lass96f,3
layepi9,3
lbd5l2n,5
lce2vll,3
ld9vuzk,5
lfvazz9,1
lfyeb52,2
lh8btkw,1
lifeax3,4
ljg9ers,1
ljgpqm8,2
lkz5oaz,3
lls3o8a,2
lotvwvb,4
lqd2af8,2
lreiu8r,5
lreqbdr,5
lresqrz,1
lrfziaw,2
lrg7xoa,3
lrg9tct,5
lri5nm4,4
lrka6j0,4
lsdjnzn,2
lsjsl21,5
lvurfg0,4
lwp3186,1
lwpfw45,5
lyznsda,3
lzao1td,1
lzfnbrl,3
m0gbp89,2
m0xv86y,2
m1tqu0j,5
m1txmus,2
m2f3jsd,3
m304pmz,2
m3b1seh,4
m3bk66d,2
m48ybsl,4
m4pbena,5
m4sbhc9,4
m5b9skr,5
m5yaogh,1
m6b4ed9,3
m9ws8i3,1
ma52ion,2
maqbtzy,3
mb0rjwj,3
mbson8r,4
mce3z8k,2
mcol8d1,3
md9lym5,3
mf0vlp7,2
mf4nzpf,5
mfsmff0,4
mh91agw,3
mhywp4d,3
mibs30i,2
miesvs8,1
mjdq0om,4
mjtf5cm,1
mjvqpi1,1
mk90pfm,1
mmd8lo7,1
mmf5ych,2
mn78evq,5
mnc3hgo,1
mnftufh,2
mnzqowx,5
mon0lit,1
moyrbt7,1
mozmfw2,2
mptygd6,4
