id,in_v22,tier,subreddit,year,clean_wordcount,stage1_relevant,stage2_class,subsystem,illustrates_rule,notes
hb0g04g,yes,Tier 1,RealTesla,2021,23,N,,,,Discusses JLR customer satisfaction/reputation only; no connected or autonomous vehicle content in the comment itself.
lj3qiom,yes,Tier 1,RealTesla,2024,23,N,,,,"The comment refers to Tesla and a mileage frequency, but does not identify what occurs every 30 or 5 miles. Under the text-only rule, autonomous-driving relevance cannot be inferred from missing thread context."
lxfz4q9,yes,Tier 1,RealTesla,2024,24,Y,CONCERN,,1.0,"Explicitly criticises Tesla’s “full self driving”, so the vehicle-automation content is relevant and negatively framed. The separate attacks on Musk and Trump are company/person hostility, but the criticism of FSD itself supports CONCERN. No specific subsystem is identified."
mpnvtn5,yes,Tier 1,RealTesla,2025,53,Y,CONCERN,sensing,2.0,"Criticises FSD’s sensing approach by pointing out that human drivers also use hearing for horns and sirens. The hands-and-feet comparison is sarcastic rhetoric, but the underlying concern about the adequacy of the sensing system is clear."
dhvuwtn,yes,Tier 1,SelfDrivingCars,2017,29,Y,OTHER,,7.0,"In the SelfDrivingCars context, the reference to Ford being positioned “for the future” concerns the company’s autonomous-driving direction. The comment reports a management/business explanation for Fields’ departure rather than clearly expressing concern or endorsement towards autonomous-vehicle technology itself, so OTHER is the most defensible classification."
eltxr75,yes,Tier 1,SelfDrivingCars,2019,22,Y,CONCERN,sensing,,"In the SelfDrivingCars context, the radar-versus-laser comparison is relevant to autonomous-vehicle sensing. The comment explicitly characterises radar as less precise and reliable, which is a negative assessment of sensing performance and therefore fits CONCERN."
kea28h6,yes,Tier 1,SelfDrivingCars,2023,100,Y,CONCERN,sensing,,"Explicitly describes FSD failing or refusing to operate in fog and light rain, and argues that “vision only” is inadequate. This is a clear sensing-system concern about visibility and environmental robustness."
kof09wf,yes,Tier 1,SelfDrivingCars,2024,33,Y,CONCERN,in-vehicle,4.0,"A question about whether ML-based autonomous-driving systems can be demonstrated to operate safely across scenarios, specifically noting limitations of traditional safety-analysis methods. Despite being phrased as a question, it raises a clear safety-assurance concern about the in-vehicle decision system."
l3ed3wp,yes,Tier 1,SelfDrivingCars,2024,46,Y,CONCERN,in-vehicle,5.0,"Raises concern that supposedly autonomous vehicles may rely on undisclosed remote human driving or teleoperation. The comment is visibly truncated, but enough meaning remains to classify it as concern about how the autonomous-driving system is actually operated."
mpguuf5,yes,Tier 1,SelfDrivingCars,2025,38,Y,ENDORSEMENT,in-vehicle,4.0,Defends FSD by describing it as the best Level 2 system available and rhetorically challenges claims that it is uniquely dangerous. The question functions as support for FSD rather than as an expression of concern.
djax91r,yes,Tier 1,teslamotors,2017,23,Y,ENDORSEMENT,,3.0,Jokes about a future in which the car can drive itself independently to collect food. The humour still expresses a clearly positive attitude towards autonomous-driving capability.
e2ff3zb,yes,Tier 1,teslamotors,2018,54,N,,,,"Discusses appraisal value and comparable Tesla Model 3 listings. r/teslamotors covers Tesla broadly, so the subreddit does not by itself establish autonomous-vehicle relevance. Nothing in the comment refers to FSD, Autopilot, connectivity, sensing, data, or another CAV-related function."
fbsxni6,yes,Tier 1,teslamotors,2019,103,Y,ENDORSEMENT,privacy;data-governance,,"Relevant because it explicitly describes Tesla accessing driver-history data to assess driving behaviour and adjust insurance rates. The author presents this data use as a potential advantage of Tesla insurance rather than objecting to it, so ENDORSEMENT is the better fit. Warren Buffett’s criticism concerns Tesla entering insurance, not the vehicle-data subsystem itself."
elojnjg,yes,Tier 1,teslamotors,2019,73,N,,,,"Discusses an Apollo 11 launch incident involving a leaking hydrogen valve and a decision to proceed with launch. r/teslamotors is too broad to establish CAV relevance on its own, and the comment contains no connected or autonomous-vehicle content."
gptkb89,yes,Tier 1,teslamotors,2021,22,Y,OTHER,sensing,8.0,"Explicitly discusses FSD combining multiple camera feeds into a single processed video stream. It identifies a technical approach or needed capability, but does not clearly express either concern or endorsement, so OTHER is the most defensible label."
h0qoxu7,yes,Tier 1,teslamotors,2021,44,Y,ENDORSEMENT,sensing;in-vehicle,,"Acknowledges that the system may lose visibility, but argues that its fail-safe response is to stop rather than continue dangerously, after which a human can intervene remotely. Overall, the comment defends the safety of the autonomous-driving system rather than expressing concern about it."
ixqsdvf,yes,Tier 1,teslamotors,2022,30,N,,,,"Refers to large-scale AI simulations and data centres, but does not identify autonomous driving, FSD, Autopilot, vehicle sensing, or another CAV function. Because r/teslamotors covers Tesla broadly, AI-related discussion alone is not enough to establish CAV relevance."
j3dqlyi,yes,Tier 1,teslamotors,2023,22,N,,,,"Refers to a problem introduced by a software update that makes the car appear to be driven erratically, but does not identify FSD, Autopilot, lane keeping, or another autonomous-driving function. Because r/teslamotors covers Tesla broadly, the phrase “makes me look like a drunk driver” is suggestive but insufficient on its own to establish CAV relevance."
l34u7cx,yes,Tier 1,teslamotors,2024,28,Y,OTHER,,,"Explicitly discusses unmanned robotaxis and their operation within geographically controlled areas. The comment is descriptive rather than clearly expressing concern or endorsement, so OTHER is the best fit."
md4k9t2,yes,Tier 1,waymo,2025,26,Y,CONCERN,,3.0,"In the Waymo context, the comment expresses concern that government action on autonomous-vehicle issues occurs only after fatalities. The “obituary” line is dark humour, but the underlying concern is clear. No specific subsystem is named."
frpllxc,yes,Tier 2,Futurology,2020,35,Y,OTHER,,,"Explicitly describes a self-driving bus operating in test mode. The comment is observational and does not clearly express either concern or endorsement, so OTHER is the best fit."
hqeuc79,REMOVED,Tier 2,Futurology,2021,88,Y,ENDORSEMENT,,7.0,"Discusses Waymo and future adoption of autonomous transportation, predicting that consumers and younger generations will accept it. It also reports that other users “may not be quite as accepting”, making it a useful example of reporting others’ concern while the author’s own framing is broadly supportive."
hfk8r57,yes,Tier 2,Futurology,2021,20,Y,ENDORSEMENT,,6.0,"Compares Cruise’s future autonomous-driving service unfavourably with Tesla’s, expressing confidence that Tesla will remain ahead. It is mixed across companies, negative towards Cruise but positive towards Tesla, with the overall framing best captured as ENDORSEMENT."
hjlfftl,yes,Tier 2,Futurology,2021,35,N,,,,"A joke about AI-enabled farming robots concluding that humans are weeds. It concerns robotics and AI generally, but not connected or autonomous vehicles."
mj1smtp,yes,Tier 2,Futurology,2025,28,N,,,,"Raises a general accountability question about automation and corporate responsibility, but does not identify autonomous vehicles or a CAV-related function. Because r/Futurology covers automation broadly, vehicle relevance cannot be established from this comment alone."
m6nwj90,yes,Tier 2,Futurology,2025,35,N,,,,Discusses source material and links concerning a British inventor’s prediction about 2025. The comment itself contains no connected or autonomous-vehicle content.
dgq1rka,yes,Tier 2,cars,2017,41,N,,,,"Discusses the driving enjoyment, power and weight of a classic Mini. There is no connected or autonomous-vehicle content."
du0peyp,yes,Tier 2,cars,2018,24,Y,CONCERN,,,"Expresses discomfort with a vehicle being controlled autonomously or non-humanly during a police stop, explicitly preferring human control. This is a clear concern about automated vehicle operation."
lfxdx41,yes,Tier 2,cars,2024,36,Y,OTHER,,,"Explicitly discusses Waymo’s autonomous-vehicle expansion and predicts that conventional Uber services may struggle to compete. The comment is primarily descriptive and predictive rather than clearly expressing concern or endorsement, so OTHER is the best fit."
f767nqm,yes,Tier 2,electricvehicles,2019,90,Y,CONCERN,in-vehicle,,"Raises explicit safety concerns about automated vehicles travelling with insufficient reaction margin, including sudden braking and cascading collisions. The concern centres on vehicle control and response behaviour, so in-vehicle is the clearest subsystem."
fa95814,yes,Tier 2,electricvehicles,2019,52,Y,ENDORSEMENT,,,Explicitly discusses FSD and refers positively to the potential benefits of using it instead of air travel. The rest of the comment clarifies an unrelated point about unruly passengers and does not introduce a CAV concern.
g9btmo2,yes,Tier 2,electricvehicles,2020,88,N,,,,"Discusses Chinese EV pricing, repairs, resale value, dealership presence and service infrastructure. It does not address connected or autonomous-vehicle functions, so it is not relevant to the CAV annotation scope."
jeltfti,yes,Tier 2,electricvehicles,2023,36,N,,,,Discusses declining interest in an older EV model and compares it with newer electric vehicles. There is no connected or autonomous-vehicle content.
lgmkwxm,yes,Tier 2,electricvehicles,2024,68,Y,CONCERN,cybersecurity;in-vehicle,,Raises an explicit cybersecurity concern that a connected vehicle could be hacked and remotely controlled to cause physical harm. The risk involves both unauthorised system access and control of the vehicle itself.
las52zr,yes,Tier 2,electricvehicles,2024,26,N,,,,"Discusses consumer expectations for new vehicle technologies in general, but does not identify connected or autonomous-driving functions. In r/electricvehicles, this is too broad to establish CAV relevance."
mn46r8b,yes,Tier 2,electricvehicles,2025,20,N,,,,"Attributes the incident to the human owner driving the Cybertruck at high speed into a construction zone. It does not mention autonomous driving, connectivity, or another CAV-related function."
mk8rq1x,yes,Tier 2,electricvehicles,2025,50,Y,CONCERN,sensing,,Explicitly raises concern about HW4 performance in fog and rain and calls for those failures to be retested. The issue is environmental robustness of the vehicle’s sensing system.
d3zh0mk,yes,Tier 2,technology,2016,83,N,,,,"Describes a low-speed collision caused by the human driver’s foot slipping from the brake to the accelerator. The reference to “auto” appears to concern the car’s automatic behaviour or transmission, but there is no clear connected or autonomous-vehicle function identified."
dj1yycu,yes,Tier 2,technology,2017,65,Y,CONCERN,data-governance,4.0,"Explicitly discusses liability and accountability for driverless and autonomous vehicles, including operators, employers, manufacturers and autonomous-system developers. The concern is about who bears responsibility when an autonomous vehicle causes harm, so data-governance is the closest available subsystem label."
gh1iq0e,yes,Tier 2,technology,2020,31,N,,,,"Raises privacy and data-commercialisation concerns about LiDAR-equipped phones mapping the world, but does not connect this to vehicles or autonomous driving. In r/technology, LiDAR alone is insufficient to establish CAV relevance."
e9bejnx,yes,Tier 3,cybersecurity,2018,27,N,,,,"Expresses general interest and asks for learning resources, but does not identify connected or autonomous vehicles or any CAV-related subsystem. r/cybersecurity is too broad for subreddit context alone to establish relevance."
ew2uq68,yes,Tier 3,cybersecurity,2019,483,Y,OTHER,cybersecurity;in-vehicle,,"The résumé explicitly describes cybersecurity work on self-driving trucks and autonomous vehicles, including security policies, fuzzing, incident response and self-driving computers. It is clearly CAV-relevant, but it reports professional experience rather than expressing either concern or endorsement, so OTHER is the best fit."
fzihxe7,yes,Tier 3,cybersecurity,2020,326,N,,,,"Discusses cybersecurity certifications, IT fundamentals, hiring and practical networking knowledge. It contains no connected or autonomous-vehicle content, and r/cybersecurity is too broad for subreddit context alone to establish CAV relevance."
haun4in,yes,Tier 3,cybersecurity,2021,126,N,,,,"Discusses a proposed storage-security mechanism using write-rate detection, drive locking and 2FA. It is a general cybersecurity discussion with no explicit connected or autonomous-vehicle content."
j71hll3,yes,Tier 3,cybersecurity,2023,39,N,,,,"Praises someone for raising unspecified concerns with a board and comments on a by-laws vote. Nothing in the comment identifies connected or autonomous vehicles or a CAV subsystem, and r/cybersecurity is too broad to establish relevance on subreddit context alone."
losvn9z,yes,Tier 3,cybersecurity,2024,96,N,,,,"Criticises AI marketing, vendor hype and Splunk/Cisco’s sales messaging in the cybersecurity industry. It does not mention connected or autonomous vehicles or any CAV subsystem."
loti1xx,yes,Tier 3,cybersecurity,2024,325,N,,,,"Discusses the use of AI and LLMs for cybersecurity operations, including identity-threat detection, SOC workflows and incident response. Despite substantial discussion of AI and security, it contains no connected or autonomous-vehicle content."
d5kykfh,yes,Tier 3,privacy,2016,156,N,,,,"Discusses self-hosting, server jurisdiction, government warrants and control of stored email data. It is a general privacy and data-sovereignty discussion with no connected or autonomous-vehicle content."
droe0um,yes,Tier 3,privacy,2017,40,N,,,,"Discusses software and hardware encryption as general computer-security measures. There is no connected or autonomous-vehicle content, and r/privacy is too broad for subreddit context alone to establish CAV relevance."
dnv19j3,yes,Tier 3,privacy,2017,35,N,,,,Discusses Linux distributions and their use of OpenSSL or LibreSSL. It contains no connected or autonomous-vehicle content.
dibwm0i,yes,Tier 3,privacy,2017,99,N,,,,"Uses sarcasm to raise privacy and surveillance concerns about corporations and governments tracking citizens’ movements, but the technology being discussed is unspecified. The word “vehicle” is used metaphorically, not as a motor vehicle reference, and r/privacy is too broad to establish CAV relevance on its own."
ds3o2e2,yes,Tier 3,privacy,2018,46,N,,,,"Discusses relative trust in Tesla as an organisation, but does not identify autonomous driving, connected-vehicle data, privacy practices, or another CAV subsystem. In r/privacy, the Tesla reference alone is insufficient to establish CAV relevance."
e2glsdn,yes,Tier 3,privacy,2018,42,N,,,,"Condemns indefinite detention for refusing to provide a password and frames it as a human-rights issue. It concerns privacy and legal coercion generally, with no connected or autonomous-vehicle content."
efqupzs,yes,Tier 3,privacy,2019,51,N,,,,"Asks about secure, preferably encrypted file storage that avoids handing data to companies such as Google. It is a general privacy and cloud-storage concern with no connected or autonomous-vehicle content."
fm4f59h,yes,Tier 3,privacy,2020,47,N,,,,Discusses features and a user-interface bug in a to-do list app. There is no connected or autonomous-vehicle content.
flvgupw,yes,Tier 3,privacy,2020,53,N,,,,Recommends VeraCrypt for encrypting files and describes its security features. It is a general file-encryption discussion with no connected or autonomous-vehicle content.
iim6vdc,yes,Tier 3,privacy,2022,30,N,,,,Discusses financial traceability and the difficulty of remaining anonymous when managing large amounts of money. It is a general privacy concern with no connected or autonomous-vehicle content.
ll9fbuf,yes,Tier 3,privacy,2024,29,Y,CONCERN,privacy;data-governance,,Discusses disabling a vehicle data-link module in VW Group cars to reduce data collection. The suggestion to physically remove the module indicates concern about connected-vehicle data collection and control over how vehicle data are gathered.
mnx5psy,yes,Tier 3,privacy,2025,47,N,,,,Discusses personal photo-sharing habits and difficulty relating to another person’s use case. It contains no connected or autonomous-vehicle content.
mjwp8di,yes,Tier 3,privacy,2025,83,N,,,,"Discusses reliability problems with the Filen cloud-storage app, including failed photo/video uploads and uncertainty about its product direction. It contains no connected or autonomous-vehicle content."
